mae,rmse,precision,recall,f1-score
1.3700685034251712,1.9140750205149244,0.33574420893899687,0.27326366318315914,0.24534539792162974
0.9423971198559928,1.2057456991980342,0.24312832288817204,0.3025151257562878,0.2174936453639694
1.0950547527376369,5.084219946523088,0.29962367802733714,0.3286164308215411,0.27083158891405995
0.8871943597179859,1.1749974599766366,0.3655327796955645,0.3310165508275414,0.26618071515701947
0.8493424671233561,1.1377015066509808,0.3254948622405942,0.34391719585979297,0.27172017610092886
